rk,player,pos,age,tm,g,gs,mp,fg,fga,fg_percent,three_p,three_p_a,three_p_percent,two_p,tow_p_a,two_p_percent,efg_percent,ft,fta,ft_percent,orb,drb,trb,ast,stl,blk,tov,pf,pts
1,Precious Achiuwa,PF-C,24,TOT,74,18,21.9,3.2,6.3,0.501,0.4,1.3,0.268,2.8,5,0.562,0.529,0.9,1.5,0.616,2.6,4,6.6,1.3,0.6,0.9,1.1,1.9,7.6
2,Bam Adebayo,C,26,MIA,71,71,34,7.5,14.3,0.521,0.2,0.6,0.357,7.3,13.7,0.528,0.529,4.1,5.5,0.755,2.2,8.1,10.4,3.9,1.1,0.9,2.3,2.2,19.3
5,Nickeil Alexander-Walker,SG,25,MIN,82,20,23.4,2.9,6.6,0.439,1.6,4.1,0.391,1.3,2.5,0.517,0.56,0.6,0.8,0.8,0.4,1.6,2,2.5,0.8,0.5,0.9,1.7,8
6,Grayson Allen,SG,28,PHO,75,74,33.5,4.5,9.1,0.499,2.7,5.9,0.461,1.8,3.2,0.57,0.649,1.7,2,0.878,0.6,3.3,3.9,3,0.9,0.6,1.3,2.1,13.5
7,Jarrett Allen,C,25,CLE,77,77,31.7,6.7,10.6,0.634,0,0.1,0,6.7,10.6,0.638,0.634,3,4.1,0.742,3.2,7.4,10.5,2.7,0.7,1.1,1.6,1.9,16.5
9,Jose Alvarado,PG,25,NOP,56,0,18.4,2.5,6.2,0.412,1.4,3.7,0.377,1.1,2.5,0.464,0.525,0.6,0.9,0.673,0.4,1.8,2.3,2.1,1.1,0.3,0.7,1.6,7.1
10,Kyle Anderson,PF,30,MIN,79,10,22.6,2.5,5.5,0.46,0.1,0.6,0.229,2.4,4.9,0.488,0.472,1.2,1.7,0.708,0.8,2.7,3.5,4.2,0.9,0.6,1.2,1.6,6.4
12,Thanasis Antetokounmpo,PF,31,MIL,34,0,4.6,0.5,0.9,0.533,0,0,0,0.5,0.9,0.552,0.533,0,0.1,0,0.2,0.2,0.4,0.5,0.2,0.1,0.4,0.7,0.9
13,Cole Anthony,PG,23,ORL,81,0,22.4,4.1,9.4,0.435,1.1,3.4,0.338,3,6,0.49,0.496,2.2,2.7,0.826,0.8,3,3.8,2.9,0.8,0.5,1.6,2.2,11.6
14,OG Anunoby,SF,26,TOT,50,50,34,5.6,11.5,0.489,2,5.3,0.382,3.6,6.2,0.581,0.577,1.3,1.8,0.753,0.9,3.2,4.2,2.1,1.4,0.7,1.6,2.4,14.7
25,Paolo Banchero,PF,21,ORL,80,80,35,8,17.6,0.455,1.5,4.4,0.339,6.5,13.2,0.493,0.497,5.1,7,0.725,1,5.9,6.9,5.4,0.9,0.6,3.1,1.9,22.6
35,Nicolas Batum,PF,35,TOT,60,38,25.5,1.9,4.3,0.453,1.2,3.1,0.395,0.7,1.2,0.606,0.596,0.3,0.4,0.714,1.2,3,4.1,2.1,0.8,0.6,0.7,1.8,5.3
37,Bradley Beal,SG,30,PHO,53,53,33.3,7.1,13.9,0.513,1.9,4.4,0.43,5.2,9.4,0.552,0.582,2.1,2.5,0.813,1,3.4,4.4,5,1,0.5,2.5,2.4,18.2
38,Malik Beasley,SG,27,MIL,79,77,29.6,4.1,9.1,0.443,2.8,6.9,0.413,1.2,2.3,0.533,0.598,0.3,0.4,0.714,0.5,3.2,3.7,1.4,0.7,0.1,0.7,2,11.3
39,MarJon Beauchamp,SF,23,MIL,48,1,12.7,1.7,3.5,0.488,0.6,1.6,0.4,1.1,1.9,0.56,0.578,0.4,0.6,0.679,0.5,1.6,2.1,0.6,0.3,0.1,0.6,1.1,4.4
42,Patrick Beverley,PG,35,TOT,73,13,20,2.2,5.2,0.417,0.8,2.5,0.337,1.3,2.7,0.49,0.497,1,1.2,0.822,0.7,2.6,3.3,2.9,0.6,0.4,0.9,1.8,6.2
44,Goga Bitadze,C,24,ORL,62,33,15.4,2,3.4,0.603,0,0.2,0.143,2,3.1,0.636,0.608,0.9,1.4,0.655,1.8,2.9,4.6,1.3,0.5,1.2,0.7,1.7,5
47,Anthony Black,PG,20,ORL,69,33,16.9,1.7,3.6,0.466,0.5,1.4,0.394,1.1,2.2,0.51,0.54,0.7,1.2,0.613,0.5,1.5,2,1.3,0.5,0.3,0.8,1.6,4.6
51,Bojan Bogdanovi?,SF-PF,34,TOT,57,27,25.9,5.4,11.9,0.454,2.3,5.9,0.398,3.1,6.1,0.507,0.551,2.1,2.6,0.785,0.4,2.3,2.7,1.7,0.5,0.1,1.8,1.7,15.2
52,Bol Bol,PF,24,PHO,43,0,10.9,2.2,3.5,0.616,0.5,1.2,0.423,1.7,2.3,0.717,0.689,0.3,0.4,0.789,0.7,2.4,3.2,0.4,0.2,0.6,0.4,1,5.2
54,Devin Booker,PG,27,PHO,68,68,36,9.4,19.2,0.492,2.2,6.1,0.364,7.2,13,0.552,0.55,6,6.7,0.886,0.8,3.7,4.5,6.9,0.9,0.4,2.6,3,27.1
55,Brandon Boston Jr.,SF,22,LAC,32,0,10.8,2,5,0.404,0.4,1.6,0.269,1.6,3.4,0.468,0.447,0.7,1,0.697,0.6,1,1.6,0.4,0.3,0.3,0.8,1.3,5.2
60,Christian Braun,SG,22,DEN,82,4,20.2,2.7,5.9,0.46,0.8,2,0.384,1.9,3.9,0.498,0.525,1.1,1.6,0.694,1,2.8,3.7,1.6,0.5,0.4,0.7,1.7,7.3
63,Oshae Brissett,SF,25,BOS,55,1,11.5,1.2,2.8,0.444,0.3,1,0.273,1,1.8,0.541,0.493,0.9,1.5,0.602,1.1,1.8,2.9,0.8,0.3,0.1,0.4,1,3.7
71,Jaylen Brown,SF,27,BOS,70,70,33.5,9,17.9,0.499,2.1,5.9,0.354,6.9,12.1,0.57,0.557,3,4.3,0.703,1.2,4.3,5.5,3.6,1.2,0.5,2.4,2.6,23
72,Kendall Brown,SG,20,IND,15,0,4.2,0.5,1,0.533,0,0.1,0,0.5,0.9,0.615,0.533,0.3,0.5,0.625,0.2,0.1,0.3,0.3,0,0,0.1,0.6,1.4
73,Kobe Brown,PF,24,LAC,44,0,9,0.8,2,0.411,0.3,1.1,0.292,0.5,1,0.548,0.489,0,0,0.5,0.5,1,1.4,0.6,0.3,0.1,0.2,1.1,2
76,Jalen Brunson,PG,27,NYK,77,77,35.4,10.3,21.4,0.479,2.7,6.8,0.401,7.5,14.6,0.516,0.543,5.5,6.5,0.847,0.6,3.1,3.6,6.7,0.9,0.2,2.4,1.9,28.7
77,Thomas Bryant,C,26,MIA,38,4,11.6,2.3,3.9,0.577,0.1,0.6,0.182,2.2,3.3,0.646,0.591,1.1,1.2,0.872,1.1,2.7,3.7,0.6,0.3,0.4,0.6,1.2,5.7
80,Alec Burks,SG,32,TOT,66,1,18.4,3.2,8.6,0.369,1.9,5,0.376,1.3,3.6,0.36,0.478,2.2,2.5,0.868,0.4,1.9,2.3,1.3,0.4,0.2,0.7,1.1,10.4
84,Kentavious Caldwell-Pope,SG,30,DEN,76,76,31.6,3.6,7.7,0.46,1.6,4.1,0.406,1.9,3.7,0.52,0.566,1.3,1.5,0.894,0.4,2,2.4,2.4,1.3,0.6,1,2,10.1
88,Wendell Carter Jr.,C,24,ORL,55,48,25.6,4.1,7.7,0.525,1.2,3.1,0.374,2.9,4.6,0.626,0.6,1.7,2.4,0.694,2,4.9,6.9,1.7,0.6,0.5,1.2,2.2,11
101,Amir Coffey,SF,26,LAC,70,13,20.9,2.4,5,0.472,1,2.6,0.38,1.4,2.4,0.571,0.571,0.9,1,0.859,0.4,1.7,2.1,1.1,0.6,0.2,0.5,1.5,6.6
104,Mike Conley,PG,36,MIN,76,76,28.9,3.9,8.5,0.457,2.4,5.3,0.442,1.5,3.1,0.481,0.595,1.3,1.5,0.911,0.5,2.4,2.9,5.9,1.2,0.2,1.3,1.7,11.4
105,Pat Connaughton,SF,31,MIL,76,3,22.1,2,4.6,0.435,1.1,3.1,0.345,0.9,1.4,0.633,0.553,0.6,0.8,0.759,0.7,2.5,3.1,2.1,0.5,0.3,0.6,1.3,5.6
110,Jae Crowder,PF,33,MIL,50,25,23.1,2.3,5.4,0.422,1.2,3.3,0.349,1.1,2.1,0.538,0.53,0.5,0.7,0.722,0.6,2.6,3.2,1.3,0.8,0.2,0.5,1.5,6.2
115,Dyson Daniels,PG,20,NOP,61,16,22.3,2.3,5.1,0.447,0.7,2.2,0.311,1.6,2.9,0.551,0.514,0.6,0.9,0.642,1,2.9,3.9,2.7,1.4,0.4,1,1.7,5.8
116,Anthony Davis,C,30,LAL,76,76,35.5,9.4,16.9,0.556,0.4,1.4,0.271,9,15.5,0.582,0.567,5.5,6.8,0.816,3.1,9.5,12.6,3.5,1.2,2.3,2.1,2.3,24.7
122,Mamadi Diakite,PF,27,TOT,6,0,4,0.7,1,0.667,0,0.2,0,0.7,0.8,0.8,0.667,0.7,1,0.667,0.2,0.5,0.7,0.3,0.2,0.2,0.2,0.3,2
125,Ousmane Dieng,PF,20,OKC,33,0,11.1,1.5,3.5,0.422,0.6,2.1,0.3,0.8,1.4,0.609,0.513,0.4,0.5,0.875,0.3,1.2,1.5,1.1,0.2,0.2,0.6,0.7,4
126,Spencer Dinwiddie,PG,30,TOT,76,52,28.3,3.3,8.4,0.392,1.6,4.8,0.337,1.7,3.6,0.467,0.489,2.2,2.8,0.805,0.4,2.3,2.7,4.7,0.7,0.3,1.2,1.8,10.5
127,Donte DiVincenzo,SG,27,NYK,81,63,29.1,5.5,12.4,0.443,3.5,8.7,0.401,2,3.7,0.542,0.584,1.1,1.4,0.754,0.8,2.9,3.7,2.7,1.3,0.4,1.4,2,15.5
128,Luka Don?i?,PG,24,DAL,70,70,37.5,11.5,23.6,0.487,4.1,10.6,0.382,7.4,13,0.573,0.573,6.8,8.7,0.786,0.8,8.4,9.2,9.8,1.4,0.5,4,2.1,33.9
129,Luguentz Dort,SF,24,OKC,79,79,28.4,3.6,8.3,0.438,2,5,0.394,1.7,3.3,0.506,0.557,1.6,2,0.826,0.9,2.7,3.6,1.4,0.9,0.6,0.9,2.9,10.9
137,Kevin Durant,PF,35,PHO,75,75,37.2,10,19.1,0.523,2.2,5.4,0.413,7.8,13.7,0.567,0.581,4.8,5.6,0.856,0.5,6.1,6.6,5,0.9,1.2,3.3,1.8,27.1
140,Anthony Edwards,SG,22,MIN,79,78,35.1,9.1,19.7,0.461,2.4,6.7,0.357,6.7,13,0.515,0.522,5.4,6.4,0.836,0.7,4.8,5.4,5.1,1.3,0.5,3.1,1.8,25.9
143,Joel Embiid,C,29,PHI,39,39,33.6,11.5,21.8,0.529,1.4,3.6,0.388,10.2,18.3,0.556,0.561,10.2,11.6,0.883,2.4,8.6,11,5.6,1.2,1.7,3.8,2.9,34.7
144,Drew Eubanks,C,26,PHO,75,6,15.6,2,3.4,0.601,0,0,1,2,3.3,0.596,0.607,1,1.2,0.774,1.4,2.9,4.3,0.8,0.4,0.8,0.8,1.5,5.1
146,Dante Exum,PG,28,DAL,55,17,19.8,2.9,5.5,0.533,1,2,0.491,2,3.5,0.557,0.621,1,1.2,0.779,0.5,2.3,2.7,2.9,0.4,0.1,0.9,1.5,7.8
158,Markelle Fultz,PG,25,ORL,43,18,21.2,3.6,7.6,0.472,0.1,0.4,0.222,3.5,7.2,0.487,0.479,0.5,0.8,0.697,1.3,1.9,3.2,2.8,1,0.3,1.2,1.5,7.8
161,Daniel Gafford,C-PF,25,TOT,74,66,24.5,4.7,6.5,0.725,0,0,0,4.7,6.5,0.725,0.725,1.6,2.4,0.674,2.6,5,7.6,1.6,0.9,2.1,1,3.1,11
162,Danilo Gallinari,PF-SF,35,TOT,49,0,12.9,1.7,3.9,0.437,0.6,1.9,0.323,1.1,2,0.546,0.516,1.7,2,0.857,0.4,1.8,2.2,1.1,0.3,0.1,0.5,1,5.7
163,Darius Garland,PG,24,CLE,57,57,33.4,6.6,14.8,0.446,2.3,6.2,0.371,4.3,8.5,0.501,0.524,2.6,3.1,0.834,0.5,2.1,2.7,6.5,1.3,0.1,3.1,1.7,18
165,Luka Garza,C,25,MIN,25,0,4.9,1.4,3,0.48,0.4,1.3,0.281,1.1,1.7,0.628,0.54,0.7,1,0.72,0.8,0.5,1.2,0.2,0.2,0,0.2,1,4
168,Paul George,PF,33,LAC,74,74,33.8,7.9,16.7,0.471,3.3,7.9,0.413,4.6,8.8,0.523,0.569,3.6,3.9,0.907,0.5,4.7,5.2,3.5,1.5,0.5,2.1,2.7,22.6
170,Josh Giddey,SG,21,OKC,80,80,25.1,5,10.6,0.475,1,3,0.337,4,7.6,0.53,0.523,1.3,1.6,0.806,1.4,5,6.4,4.8,0.6,0.6,2.1,1.4,12.3
172,Shai Gilgeous-Alexander,PG,25,OKC,75,75,34,10.6,19.8,0.535,1.3,3.6,0.353,9.3,16.2,0.576,0.567,7.6,8.7,0.874,0.9,4.7,5.5,6.2,2,0.9,2.2,2.5,30.1
176,Rudy Gobert,C,31,MIN,76,76,34.1,5.3,8.1,0.661,0,0,0,5.3,8,0.664,0.661,3.3,5.1,0.638,3.8,9.2,12.9,1.3,0.7,2.1,1.6,3.1,14
178,Aaron Gordon,PF,28,DEN,73,73,31.5,5.5,9.8,0.556,0.5,1.9,0.29,4.9,7.9,0.619,0.584,2.4,3.7,0.658,2.4,4.1,6.5,3.5,0.8,0.6,1.4,1.9,13.9
179,Eric Gordon,SG,35,PHO,68,24,27.8,4,9.1,0.443,2.2,5.8,0.378,1.8,3.3,0.561,0.565,0.8,0.9,0.797,0.2,1.6,1.8,2,1,0.4,1.1,1.2,11
183,A.J. Green,SG,24,MIL,56,0,11,1.5,3.5,0.423,1.2,3,0.408,0.3,0.5,0.519,0.599,0.3,0.3,0.895,0.2,1,1.1,0.5,0.2,0.1,0.2,0.9,4.5
189,Josh Green,SG,23,DAL,57,33,26.4,3.1,6.6,0.479,1.3,3.3,0.385,1.9,3.3,0.572,0.575,0.7,1,0.684,0.7,2.5,3.2,2.3,0.8,0.2,1.1,1.9,8.2
194,Rui Hachimura,PF,25,LAL,68,39,26.9,5.3,9.9,0.537,1.4,3.4,0.422,3.9,6.5,0.597,0.609,1.5,2,0.739,0.9,3.5,4.3,1.2,0.6,0.4,0.7,1.5,13.6
196,Tyrese Haliburton,PG,23,IND,69,68,32.2,7.2,15.2,0.477,2.8,7.8,0.364,4.4,7.4,0.595,0.57,2.8,3.3,0.855,0.5,3.4,3.9,10.9,1.2,0.7,2.3,1.1,20.1
198,Tim Hardaway Jr.,SF,31,DAL,79,12,26.8,5,12.4,0.402,2.7,7.6,0.353,2.3,4.8,0.478,0.51,1.8,2.1,0.852,0.3,2.9,3.2,1.8,0.5,0.1,0.9,1.3,14.4
199,James Harden,PG,34,LAC,72,72,34.3,4.9,11.4,0.428,2.6,6.8,0.381,2.3,4.6,0.497,0.541,4.2,4.8,0.878,0.5,4.7,5.1,8.5,1.1,0.8,2.6,1.8,16.6
200,Jaden Hardy,SG,21,DAL,73,7,13.5,2.7,6.6,0.407,1.1,3.1,0.362,1.6,3.5,0.447,0.492,0.8,1,0.776,0.3,1.5,1.8,1.5,0.3,0.1,0.8,1.1,7.3
202,Gary Harris,SG,29,ORL,54,27,24,2.4,5.5,0.441,1.4,3.8,0.371,1,1.7,0.598,0.569,0.6,0.8,0.756,0.4,1.2,1.7,1.6,0.9,0.3,0.6,1.7,6.9
205,Tobias Harris,PF,31,PHI,70,70,33.8,6.6,13.6,0.487,1.3,3.7,0.353,5.3,9.9,0.537,0.535,2.7,3,0.878,1.1,5.3,6.5,3.1,1,0.7,1.3,1.6,17.2
207,Josh Hart,SF,28,NYK,81,42,33.4,3.6,8.4,0.434,1,3.2,0.31,2.7,5.2,0.511,0.493,1.1,1.4,0.791,1.6,6.8,8.3,4.1,0.9,0.3,1.5,2.1,9.4
208,Isaiah Hartenstein,C,25,NYK,75,49,25.3,3.1,4.9,0.644,0,0,0.333,3.1,4.8,0.646,0.645,1.5,2.1,0.707,3.3,5.1,8.3,2.5,1.2,1.1,1.2,2.8,7.8
209,Sam Hauser,SF,26,BOS,79,13,22,3.2,7.1,0.446,2.5,5.9,0.424,0.7,1.2,0.559,0.623,0.2,0.2,0.895,0.6,2.9,3.5,1,0.5,0.3,0.4,1.3,9
210,Jordan Hawkins,SG,21,NOP,67,10,17.3,2.6,6.8,0.382,1.6,4.4,0.366,1,2.4,0.411,0.501,1,1.2,0.838,0.4,1.8,2.2,1,0.3,0.1,0.6,1.1,7.8
211,Jaxson Hayes,C,23,LAL,70,5,12.5,1.8,2.5,0.72,0,0.1,0,1.8,2.4,0.754,0.72,0.7,1.2,0.622,1,2,3,0.5,0.5,0.4,0.6,1.8,4.3
213,Gordon Hayward,SF,33,TOT,51,28,24.4,3.7,7.9,0.464,0.7,1.8,0.411,2.9,6.1,0.479,0.51,1.7,2.4,0.742,0.7,2.8,3.5,3.1,0.8,0.3,1.3,1.3,9.8
216,Tyler Herro,SG,24,MIA,42,40,33.5,7.7,17.5,0.441,3.1,7.9,0.396,4.6,9.6,0.478,0.531,2.3,2.6,0.856,0.5,4.8,5.3,4.5,0.7,0.1,2.2,1.5,20.8
217,Buddy Hield,SF-SG,31,TOT,84,42,25.7,4.4,10.1,0.436,2.6,6.8,0.386,1.8,3.4,0.539,0.565,0.6,0.7,0.881,0.7,2.5,3.2,2.8,0.8,0.5,1.2,2,12.1
218,Haywood Highsmith,PF,27,MIA,66,26,20.7,2.3,5,0.465,1.2,2.9,0.396,1.2,2.1,0.562,0.581,0.3,0.5,0.639,1,2.2,3.2,1.1,0.8,0.5,0.5,1.8,6.1
222,Jrue Holiday,PG,33,BOS,69,69,32.8,4.8,10,0.48,2,4.7,0.429,2.8,5.3,0.526,0.581,0.9,1,0.833,1.2,4.2,5.4,4.8,0.9,0.8,1.8,1.6,12.5
223,Justin Holiday,SG,34,DEN,58,9,14.9,1.5,3.3,0.454,0.9,2.3,0.404,0.6,1,0.569,0.595,0.1,0.1,0.75,0.2,1.1,1.2,1.2,0.6,0.2,0.2,1.2,4
225,Chet Holmgren,C,21,OKC,82,82,29.4,6.2,11.6,0.53,1.6,4.3,0.37,4.6,7.4,0.623,0.598,2.7,3.4,0.793,1.6,6.3,7.9,2.4,0.6,2.3,1.6,2.4,16.5
227,Al Horford,C,37,BOS,65,33,26.8,3.3,6.4,0.511,1.7,4,0.419,1.6,2.5,0.658,0.64,0.4,0.5,0.867,1.3,5.1,6.4,2.6,0.6,1,0.7,1.4,8.6
230,Caleb Houstan,SF,21,ORL,59,13,13.8,1.4,3.5,0.388,1.2,3.3,0.373,0.1,0.2,0.615,0.563,0.4,0.4,0.808,0.5,0.9,1.4,0.5,0.3,0.1,0.3,1,4.3
231,Jett Howard,SF,20,ORL,18,0,3.7,0.6,1.7,0.333,0.4,1.4,0.28,0.2,0.3,0.6,0.45,0.1,0.2,0.5,0.1,0.3,0.4,0.3,0.1,0.1,0.2,0.2,1.6
236,Bones Hyland,PG,23,LAC,37,5,14.6,2.6,6.8,0.386,1.2,3.6,0.326,1.4,3.1,0.457,0.474,0.5,0.6,0.783,0.1,1.4,1.5,2.5,0.7,0.1,1.2,1.4,6.9
237,Joe Ingles,SF,36,ORL,68,0,17.2,1.5,3.3,0.436,1,2.4,0.435,0.4,1,0.439,0.59,0.4,0.5,0.824,0.3,1.8,2.1,3,0.6,0.1,1,1.3,4.4
238,Brandon Ingram,SF,26,NOP,64,64,32.9,7.8,15.9,0.492,1.3,3.8,0.355,6.5,12.1,0.534,0.534,3.8,4.8,0.801,0.7,4.4,5.1,5.7,0.8,0.6,2.5,2.3,20.8
239,Kyrie Irving,SG,31,DAL,58,58,35,9.7,19.5,0.497,3,7.3,0.411,6.7,12.2,0.548,0.573,3.3,3.6,0.905,0.8,4.2,5,5.2,1.3,0.5,1.8,1.9,25.6
240,Jonathan Isaac,PF,26,ORL,58,2,15.8,2.5,4.9,0.51,0.7,1.9,0.375,1.8,3,0.598,0.584,1,1.4,0.72,1.3,3.2,4.5,0.5,0.7,1.2,0.5,1.1,6.8
242,Andre Jackson Jr.,SG,22,MIL,57,8,10,0.9,1.8,0.5,0.3,0.8,0.37,0.6,0.9,0.611,0.585,0.1,0.2,0.727,0.8,1.2,2,0.9,0.3,0.1,0.5,1.6,2.2
244,Isaiah Jackson,C,22,IND,59,3,13.1,2.6,3.9,0.665,0,0.1,0,2.6,3.9,0.677,0.665,1.2,1.7,0.716,1.6,2.4,4,0.8,0.6,1,0.7,2.3,6.5
248,Reggie Jackson,PG,33,DEN,82,23,22.2,4,9.2,0.431,1.2,3.5,0.359,2.7,5.8,0.475,0.499,1,1.2,0.806,0.4,1.5,1.9,3.8,0.5,0.2,1.3,1.8,10.2
250,LeBron James,PF,39,LAL,71,71,35.3,9.6,17.9,0.54,2.1,5.1,0.41,7.5,12.8,0.592,0.599,4.3,5.7,0.75,0.9,6.4,7.3,8.3,1.3,0.5,3.5,1.1,25.7
251,Jaime Jaquez Jr.,SF,22,MIA,75,20,28.2,4.5,9.3,0.489,0.9,2.7,0.322,3.7,6.6,0.558,0.536,1.9,2.3,0.811,1.1,2.7,3.8,2.6,1,0.3,1.5,2.2,11.9
253,DaQuan Jeffries,SG,26,NYK,17,0,2.7,0.4,1,0.353,0.1,0.6,0.2,0.2,0.4,0.571,0.412,0,0.1,0,0,0.3,0.3,0.3,0,0.1,0.2,0.1,0.8
256,Isaiah Joe,SG,24,OKC,78,1,18.5,2.8,6.2,0.458,1.9,4.5,0.416,1,1.7,0.568,0.609,0.6,0.7,0.865,0.4,1.9,2.3,1.3,0.6,0.3,0.6,1.1,8.2
259,James Johnson,PF,36,IND,9,0,5.2,0.3,1.1,0.3,0,0.2,0,0.3,0.9,0.375,0.3,0.2,0.2,1,0.1,0.3,0.4,0.9,0.6,0.1,0.6,1,0.9
263,Nikola Joki?,C,28,DEN,79,79,34.6,10.4,17.9,0.583,1.1,2.9,0.359,9.4,14.9,0.626,0.612,4.5,5.5,0.817,2.8,9.5,12.4,9,1.4,0.9,3,2.5,26.4
265,Damian Jones,C,28,CLE,39,0,6.9,1.1,1.8,0.597,0.1,0.4,0.214,1,1.5,0.69,0.618,0.5,0.5,0.857,0.5,1.1,1.6,0.4,0.2,0.3,0.3,0.7,2.7
266,Derrick Jones Jr.,SF,26,DAL,76,66,23.5,3.1,6.5,0.483,1.1,3.1,0.343,2.1,3.4,0.613,0.566,1.3,1.8,0.713,1.1,2.2,3.3,1,0.7,0.7,0.9,1.6,8.6
267,Herbert Jones,SF,25,NOP,76,76,30.5,3.9,7.7,0.498,1.5,3.6,0.418,2.4,4.1,0.568,0.595,1.8,2.1,0.867,1,2.6,3.6,2.6,1.4,0.8,1.2,2.9,11
271,DeAndre Jordan,C,35,DEN,36,2,11,1.6,2.6,0.624,0,0,0,1.6,2.6,0.624,0.624,0.7,1.5,0.491,1.5,2.9,4.4,0.7,0.2,0.4,0.6,1.6,3.9
273,Nikola Jovi?,PF,20,MIA,46,38,19.5,2.8,6.1,0.452,1.4,3.5,0.399,1.3,2.6,0.525,0.568,0.7,1,0.702,0.5,3.6,4.2,2,0.5,0.3,0.9,1.8,7.7
279,Maxi Kleber,C,32,DAL,43,7,20.3,1.5,3.4,0.432,0.7,2.1,0.348,0.7,1.3,0.574,0.541,0.8,1.1,0.702,0.7,2.6,3.3,1.6,0.4,0.7,0.7,1.8,4.4
283,Luke Kornet,C,28,BOS,63,7,15.6,2.3,3.2,0.7,0,0,1,2.2,3.2,0.698,0.702,0.8,0.9,0.907,1.9,2.3,4.1,1.1,0.4,1,0.3,1.2,5.3
290,A.J. Lawson,SG,23,DAL,42,0,7.4,1.3,2.9,0.446,0.3,1.2,0.26,1,1.7,0.577,0.5,0.4,0.5,0.652,0.3,0.9,1.2,0.5,0.2,0.1,0.3,0.5,3.2
293,Kawhi Leonard,SF,32,LAC,68,68,34.3,9,17.1,0.525,2.1,4.9,0.417,6.9,12.1,0.569,0.585,3.7,4.2,0.885,1.2,4.9,6.1,3.6,1.6,0.9,1.8,1.4,23.7
294,Caris LeVert,SG,29,CLE,68,10,28.8,5.1,12.1,0.421,1.6,4.9,0.325,3.5,7.2,0.486,0.487,2.3,3,0.766,0.6,3.5,4.1,5.1,1.1,0.5,1.7,1.8,14
297,E.J. Liddell,PF,23,NOP,8,0,2.9,0.1,0.8,0.167,0,0.6,0,0.1,0.1,1,0.167,0.3,0.3,1,0,0.6,0.6,0.1,0.3,0.3,0.3,0.3,0.5
298,Damian Lillard,PG,33,MIL,73,73,35.3,7.4,17.5,0.424,3,8.5,0.354,4.4,9,0.49,0.51,6.5,7,0.92,0.5,3.9,4.4,7,1,0.2,2.6,1.8,24.3
299,Nassir Little,SF,23,PHO,45,2,10.2,1.3,2.8,0.46,0.5,1.6,0.3,0.8,1.2,0.667,0.544,0.4,0.4,0.85,0.3,1.4,1.7,0.5,0.2,0.2,0.3,0.9,3.4
300,Dereck Lively II,C,19,DAL,55,42,23.5,4,5.4,0.747,0,0,0,4,5.3,0.752,0.747,0.7,1.5,0.506,2.5,4.4,6.9,1.1,0.7,1.4,0.9,2.6,8.8
302,Chris Livingston,SF,20,MIL,21,0,4.3,0.5,1,0.5,0,0.2,0.2,0.5,0.8,0.588,0.523,0.1,0.2,0.75,0.1,0.9,1,0.2,0.1,0,0.2,0.7,1.2
305,Brook Lopez,C,35,MIL,79,79,30.5,4.6,9.6,0.485,1.9,5.1,0.366,2.8,4.4,0.621,0.583,1.4,1.7,0.821,1.5,3.7,5.2,1.6,0.5,2.4,1,2.4,12.5
307,Kevin Love,PF,35,MIA,55,5,16.8,2.9,6.5,0.44,1.5,4.4,0.344,1.3,2.1,0.643,0.557,1.5,2,0.787,1.1,5.1,6.1,2.1,0.3,0.2,0.9,1.8,8.8
308,Kyle Lowry,PG,37,TOT,60,55,28.2,2.7,6.3,0.432,1.6,4.2,0.392,1.1,2.1,0.512,0.562,1.1,1.3,0.84,0.6,2.7,3.2,4.2,1,0.4,1.4,2.4,8.1
313,Terance Mann,SG,27,LAC,75,71,25,3.4,6.6,0.515,0.9,2.7,0.348,2.4,3.9,0.633,0.587,1.1,1.3,0.832,1.2,2.2,3.4,1.6,0.6,0.2,0.6,1.9,8.8
317,Naji Marshall,SF,26,NOP,66,1,19,2.6,5.6,0.463,0.9,2.3,0.387,1.7,3.3,0.516,0.542,1,1.3,0.791,0.8,2.8,3.6,1.9,0.7,0.2,1,1.4,7.1
318,Caleb Martin,SF,28,MIA,64,23,27.4,3.8,8.7,0.431,1.3,3.6,0.349,2.5,5.1,0.489,0.504,1.2,1.5,0.778,1.2,3.2,4.4,2.2,0.7,0.5,1.2,2,10
324,Tyrese Maxey,PG,23,PHI,70,70,37.5,9.1,20.3,0.45,3,8.1,0.373,6.1,12.1,0.501,0.524,4.7,5.4,0.868,0.5,3.2,3.7,6.2,1,0.5,1.7,2.2,25.9
326,Miles McBride,PG,23,NYK,68,14,19.5,3,6.7,0.452,1.6,3.9,0.41,1.4,2.8,0.511,0.572,0.6,0.7,0.86,0.5,1,1.5,1.7,0.7,0.1,0.4,1.6,8.3
327,CJ McCollum,PG,32,NOP,66,66,32.7,7.3,16,0.459,3.6,8.4,0.429,3.7,7.5,0.492,0.572,1.7,2.1,0.827,0.6,3.7,4.3,4.6,0.9,0.6,1.7,1.9,20
328,T.J. McConnell,PG,31,IND,71,4,18.2,4.6,8.4,0.556,0.3,0.6,0.409,4.4,7.7,0.568,0.572,0.7,0.9,0.79,0.5,2.2,2.7,5.5,1,0.1,1.5,1.1,10.2
329,Jaden McDaniels,SF,23,MIN,72,71,29.2,4.3,8.7,0.489,1.2,3.5,0.337,3.1,5.2,0.592,0.557,0.8,1.1,0.722,0.8,2.3,3.1,1.4,0.9,0.6,1.2,3,10.5
331,Doug McDermott,SF,32,TOT,64,0,14.1,1.9,4.4,0.433,1.5,3.6,0.41,0.5,0.9,0.527,0.599,0.2,0.3,0.579,0.2,0.8,0.9,1.1,0.3,0,0.4,1,5.5
334,Jordan McLaughlin,PG,27,MIN,56,0,11.2,1.3,2.6,0.483,0.8,1.6,0.472,0.5,1,0.5,0.628,0.2,0.3,0.722,0.3,1,1.3,2,0.6,0.1,0.3,0.6,3.5
335,De'Anthony Melton,SG,25,PHI,38,33,26.9,3.7,9.5,0.386,2,5.6,0.36,1.6,3.8,0.425,0.493,1.7,2.1,0.835,0.7,3,3.7,3,1.6,0.4,1,2.2,11.1
337,Sam Merrill,SG,27,CLE,61,1,17.5,2.6,6.4,0.402,2.3,5.8,0.404,0.2,0.6,0.385,0.584,0.4,0.5,0.929,0.4,1.6,2,1.8,0.3,0.1,0.3,1.2,8
340,Khris Middleton,SF,32,MIL,55,55,27,5.8,11.7,0.493,1.7,4.5,0.381,4.1,7.2,0.563,0.566,1.8,2.2,0.833,0.7,3.9,4.7,5.3,0.9,0.3,2.3,2.6,15.1
343,Leonard Miller,SF,20,MIN,17,0,3.1,0.8,1.2,0.65,0.1,0.3,0.4,0.6,0.9,0.733,0.7,0.1,0.1,0.5,0.3,0.9,1.2,0.5,0.1,0.1,0.1,0.3,1.7
345,Patty Mills,PG,35,TOT,32,5,13,1.4,4.1,0.351,0.8,2.7,0.276,0.7,1.4,0.5,0.443,0.3,0.3,1,0.3,0.8,1.1,1.1,0.6,0,0.5,1,4
346,Shake Milton,SG,27,TOT,48,0,12.1,1.6,4.1,0.405,0.4,1.3,0.281,1.3,2.7,0.466,0.451,0.8,1,0.816,0.3,1.3,1.6,1.3,0.4,0.1,0.6,1.1,4.5
348,Josh Minott,SF,21,MIN,32,0,2.8,0.5,1.1,0.472,0.1,0.3,0.4,0.4,0.8,0.5,0.528,0.4,0.4,0.857,0.1,0.4,0.5,0.3,0.2,0.2,0.1,0.3,1.6
350,Donovan Mitchell,SG,27,CLE,55,55,35.3,9.1,19.8,0.462,3.3,9,0.368,5.8,10.8,0.539,0.545,5,5.8,0.865,0.8,4.3,5.1,6.1,1.8,0.5,2.8,2.1,26.6
351,Evan Mobley,PF,22,CLE,50,50,30.6,6.4,11,0.58,0.4,1.2,0.373,6,9.9,0.604,0.6,2.5,3.4,0.719,2.2,7.1,9.4,3.2,0.9,1.4,1.8,2.7,15.7
357,Wendell Moore Jr.,SG,22,MIN,25,0,3,0.4,0.7,0.5,0,0.2,0,0.4,0.5,0.75,0.5,0,0,0,0,0.5,0.5,0.2,0.2,0,0.2,0.2,0.7
359,Marcus Morris,PF,34,TOT,49,7,16.7,2.4,5.4,0.439,1,2.4,0.403,1.4,3,0.469,0.53,0.7,0.9,0.818,0.5,2.3,2.7,0.7,0.3,0.3,0.6,1.5,6.4
361,Monte Morris,PG,28,TOT,33,0,14.4,1.9,4.6,0.405,0.8,2.1,0.386,1.1,2.5,0.422,0.493,0.4,0.6,0.684,0.2,1.5,1.7,2.1,0.6,0.3,0.2,0.4,5
362,Trey Murphy III,SF,23,NOP,57,23,29.6,4.8,10.9,0.443,3,7.8,0.38,1.9,3.1,0.602,0.579,2.2,2.6,0.815,0.7,4.2,4.9,2.2,0.9,0.5,0.6,1.2,14.8
364,Jamal Murray,PG,26,DEN,59,59,31.5,8,16.7,0.481,2.5,5.8,0.425,5.6,10.9,0.51,0.554,2.7,3.1,0.853,0.7,3.4,4.1,6.5,1,0.7,2.1,1.8,21.2
368,Svi Mykhailiuk,SF,26,BOS,41,2,10.1,1.4,3.3,0.416,1,2.6,0.389,0.4,0.7,0.517,0.569,0.1,0.2,0.667,0.3,1,1.2,0.9,0.3,0,0.3,0.5,4
369,Larry Nance Jr.,C,31,NOP,61,0,19.9,2.3,4,0.573,0.4,1.1,0.415,1.8,2.9,0.631,0.629,0.8,1,0.77,1.5,3.5,5,1.9,1,0.3,0.8,1.6,5.7
371,Andrew Nembhard,PG,24,IND,68,47,25,3.8,7.7,0.498,0.9,2.5,0.357,2.9,5.2,0.567,0.557,0.7,0.8,0.804,0.5,1.5,2.1,4.1,0.9,0.1,1.5,2.1,9.2
372,Aaron Nesmith,SF,24,IND,72,47,27.7,4.4,8.8,0.496,1.9,4.6,0.419,2.4,4.2,0.581,0.606,1.5,1.9,0.781,0.9,2.9,3.8,1.5,0.9,0.7,0.9,3.3,12.2
373,Georges Niang,PF,30,CLE,82,10,22.3,3.5,7.7,0.449,1.8,4.8,0.376,1.6,2.9,0.572,0.567,0.6,0.7,0.85,0.3,3.1,3.4,1.2,0.4,0.2,0.9,2.3,9.4
375,Zeke Nnaji,PF,23,DEN,58,0,9.9,1.2,2.6,0.463,0.1,0.4,0.261,1.1,2.2,0.5,0.483,0.7,1.1,0.677,1.1,1.1,2.2,0.6,0.3,0.7,0.5,1.4,3.2
379,Jusuf Nurki?,C,29,PHO,76,76,27.3,4.2,8.3,0.51,0.3,1.2,0.244,3.9,7.1,0.555,0.528,2.2,3.4,0.64,2.9,8.1,11,4,1.1,1.1,2.3,3.3,10.9
381,Royce O'Neale,SF,30,TOT,79,14,24.7,2.7,6.8,0.397,2,5.3,0.37,0.7,1.5,0.496,0.542,0.3,0.4,0.686,0.8,4,4.8,2.8,0.7,0.6,0.9,2.2,7.7
382,Chuma Okeke,SF,25,ORL,47,8,9.2,0.9,2.4,0.357,0.5,1.7,0.28,0.4,0.6,0.567,0.46,0.1,0.1,0.571,0.4,1.3,1.7,0.4,0.2,0.1,0.3,0.4,2.3
383,Josh Okogie,SG,25,PHO,60,11,16,1.4,3.4,0.417,0.5,1.6,0.309,1,1.9,0.509,0.488,1.3,1.7,0.745,1.2,1.3,2.6,1.1,0.8,0.4,0.6,1.1,4.6
385,Isaac Okoro,SF,23,CLE,69,42,27.3,3.4,7,0.49,1.2,3.1,0.391,2.2,3.8,0.57,0.577,1.3,2,0.679,1,2,3,1.9,0.8,0.5,0.8,2,9.4
389,Kelly Oubre Jr.,SF,28,PHI,68,52,30.2,5.7,12.9,0.441,1.5,4.8,0.311,4.2,8.1,0.517,0.498,2.6,3.4,0.75,1.4,3.6,5,1.5,1.1,0.7,1.3,2.9,15.4
391,Cameron Payne,PG,29,TOT,78,10,16.7,2.7,6.2,0.432,1.3,3.4,0.39,1.3,2.7,0.486,0.541,0.7,0.9,0.866,0.3,1.2,1.5,2.6,0.5,0.1,0.8,1.6,7.4
397,Jalen Pickett,SG,24,DEN,27,0,4.5,0.6,1.3,0.429,0.3,0.9,0.36,0.2,0.4,0.6,0.557,0.1,0.1,0.75,0,0.5,0.5,0.8,0.1,0,0.3,0.5,1.6
399,Mason Plumlee,C,33,LAC,46,11,14.7,1.9,3.3,0.569,0,0.1,0,1.9,3.2,0.592,0.569,1.5,2.2,0.707,1.3,3.8,5.1,1.2,0.3,0.4,0.8,1.5,5.3
406,Michael Porter Jr.,SF,25,DEN,81,81,31.7,6.4,13.3,0.484,2.7,6.8,0.397,3.7,6.5,0.575,0.586,1.1,1.4,0.836,1.3,5.7,7,1.5,0.5,0.7,1.1,1.8,16.7
408,Bobby Portis,PF,28,MIL,82,4,24.5,5.7,11.2,0.508,1.2,3,0.407,4.5,8.2,0.545,0.562,1.2,1.5,0.79,1.7,5.7,7.4,1.3,0.8,0.4,1.1,2.3,13.8
409,Kristaps Porzi??is,C,28,BOS,57,57,29.6,6.8,13.2,0.516,1.9,5.1,0.375,4.9,8.1,0.606,0.589,4.5,5.3,0.858,1.7,5.5,7.2,2,0.7,1.9,1.6,2.7,20.1
411,Dwight Powell,C,32,DAL,63,9,13.3,1.1,1.7,0.679,0,0,0.333,1.1,1.6,0.689,0.684,1,1.4,0.708,1.5,1.9,3.4,1.3,0.4,0.3,0.5,1.8,3.3
412,Norman Powell,SG,30,LAC,76,3,26.2,4.9,10.1,0.486,2.2,5.1,0.435,2.7,5.1,0.536,0.594,1.9,2.3,0.831,0.2,2.4,2.6,1.1,0.6,0.3,0.9,1.8,13.9
415,Taurean Prince,PF,29,LAL,78,49,27,3.2,7.3,0.442,1.8,4.6,0.396,1.4,2.8,0.519,0.566,0.6,0.9,0.735,0.3,2.7,2.9,1.5,0.7,0.4,0.9,1.9,8.9
416,Payton Pritchard,PG,26,BOS,82,5,22.3,3.6,7.7,0.468,1.8,4.7,0.385,1.8,3.1,0.593,0.583,0.6,0.7,0.821,0.9,2.4,3.2,3.4,0.5,0.1,0.7,1.3,9.6
417,Olivier-Maxence Prosper,PF,21,DAL,40,1,8.4,1,2.6,0.385,0.3,1.1,0.289,0.7,1.5,0.458,0.447,0.7,1,0.683,0.6,1.4,2,0.6,0.2,0.1,0.2,0.5,3
419,Neemias Queta,C,24,BOS,28,0,11.9,2.4,3.7,0.644,0,0,0,2.4,3.7,0.644,0.644,0.7,1,0.714,1.9,2.5,4.4,0.7,0.5,0.8,0.5,1.8,5.5
425,Austin Reaves,SG,25,LAL,82,57,32.1,5.6,11.5,0.486,1.9,5.1,0.367,3.7,6.3,0.583,0.568,2.8,3.3,0.853,0.7,3.6,4.3,5.5,0.8,0.3,2.1,1.9,15.9
427,Paul Reed,C,24,PHI,82,24,19.4,3.2,5.9,0.54,0.3,0.7,0.368,2.9,5.2,0.563,0.561,0.7,1,0.718,2.4,3.6,6,1.3,0.8,1,0.8,2.4,7.3
428,Naz Reid,C,24,MIN,81,14,24.2,5,10.5,0.477,2.1,5,0.414,2.9,5.5,0.535,0.576,1.3,1.8,0.736,0.9,4.3,5.2,1.3,0.8,0.9,1.4,2.1,13.5
432,Duncan Robinson,SF,29,MIA,68,36,28,4.5,9.9,0.45,2.8,7,0.395,1.7,3,0.579,0.589,1.2,1.3,0.889,0.2,2.3,2.5,2.8,0.7,0.2,1.4,2.4,12.9
434,Mitchell Robinson,C,25,NYK,31,21,24.8,2.4,4.1,0.575,0,0,0,2.4,4.1,0.575,0.575,0.9,2.1,0.409,4.6,3.9,8.5,0.6,1.2,1.1,0.8,1.8,5.6
435,Orlando Robinson,C,23,MIA,36,7,8.4,1,2,0.5,0.2,0.4,0.533,0.8,1.6,0.491,0.556,0.5,0.7,0.76,0.8,1.6,2.3,0.9,0.2,0.2,0.5,1,2.8
436,Jeremiah Robinson-Earl,PF,23,NOP,39,1,8.6,1.2,2.4,0.474,0.3,1,0.333,0.8,1.4,0.571,0.542,0.3,0.4,0.75,0.6,1.4,1.9,0.5,0.3,0.1,0.4,0.6,2.9
437,David Roddy,PF,22,TOT,65,13,18.1,2.5,6.3,0.403,0.7,2.5,0.293,1.8,3.8,0.478,0.462,0.7,1,0.691,0.8,2.4,3.2,1.2,0.4,0.2,0.9,1.1,6.5
442,D'Angelo Russell,PG,27,LAL,76,69,32.7,6.5,14.2,0.456,3,7.2,0.415,3.5,7,0.497,0.56,2.1,2.5,0.828,0.4,2.7,3.1,6.3,0.9,0.5,2.1,2.1,18
443,Matt Ryan,SF,26,NOP,28,1,13.9,1.8,4,0.434,1.5,3.3,0.451,0.3,0.8,0.364,0.615,0.5,0.5,0.929,0.2,1.2,1.4,0.6,0.2,0,0.7,1.1,5.4
461,Ben Sheppard,SG,22,IND,57,1,14.3,1.6,4,0.393,0.9,2.7,0.314,0.7,1.3,0.562,0.5,0.4,0.5,0.885,0.3,1.3,1.6,0.9,0.6,0,0.3,1.5,4.4
462,Pascal Siakam,PF,29,TOT,80,80,33.2,8.5,15.9,0.536,1.1,3.1,0.346,7.5,12.8,0.581,0.569,3.6,5,0.732,1.7,5.3,7.1,4.3,0.8,0.3,1.8,2.4,21.7
467,Jericho Sims,C,25,NYK,45,11,13,0.8,1.2,0.691,0,0,0,0.8,1.2,0.691,0.691,0.4,0.5,0.667,1.2,2,3.3,0.6,0.2,0.4,0.4,1,2
476,Jalen Smith,C,23,IND,61,14,17.2,3.8,6.5,0.592,1,2.4,0.424,2.8,4.1,0.689,0.67,1.2,1.7,0.692,1.8,3.7,5.5,1,0.3,0.6,0.7,2,9.9
481,Jaden Springer,SG-PG,21,TOT,49,2,10.3,1.2,3,0.399,0.2,1,0.208,1,2,0.49,0.432,0.7,0.9,0.833,0.7,0.9,1.6,0.9,0.7,0.3,0.7,1.3,3.3
484,Julian Strawther,SF,21,DEN,50,0,10.9,1.6,4.4,0.369,0.8,2.8,0.297,0.8,1.7,0.488,0.462,0.4,0.6,0.71,0.1,1.1,1.2,0.9,0.3,0.1,0.5,1.1,4.5
485,Max Strus,SF,27,CLE,70,70,32,4.3,10.4,0.418,2.4,6.8,0.351,1.9,3.6,0.546,0.533,1.1,1.4,0.794,0.9,3.9,4.8,4,0.9,0.4,1.6,2.4,12.2
486,Jalen Suggs,SG,22,ORL,75,75,27,4.5,9.5,0.471,2,5.1,0.397,2.4,4.4,0.556,0.578,1.6,2.1,0.756,0.6,2.4,3.1,2.7,1.4,0.6,1.8,2.7,12.6
489,Jayson Tatum,PF,25,BOS,74,74,35.7,9.1,19.3,0.471,3.1,8.2,0.376,6,11,0.542,0.552,5.6,6.7,0.833,0.9,7.2,8.1,4.9,1,0.6,2.5,2,26.9
493,Daniel Theis,C,31,TOT,60,3,16.9,2.6,4.9,0.532,0.4,1.2,0.366,2.2,3.7,0.586,0.577,0.6,0.8,0.76,1.4,2.7,4.1,1,0.4,0.9,0.7,2.1,6.3
495,Isaiah Thomas,PG,34,PHO,6,0,3.2,0.5,1.7,0.3,0.3,0.7,0.5,0.2,1,0.167,0.4,0,0,0,0,0,0,0.5,0,0,0,0,1.3
499,Tristan Thompson,C,32,CLE,49,0,11.2,1.5,2.4,0.608,0,0,0,1.5,2.4,0.613,0.608,0.3,1.1,0.288,1.5,2.1,3.6,1,0.2,0.3,0.6,1.2,3.3
502,Xavier Tillman Sr.,C-PF,25,TOT,54,15,18,2.2,5.2,0.434,0.4,1.5,0.247,1.9,3.7,0.51,0.47,0.4,0.9,0.44,1.3,2.6,3.9,1.4,0.9,0.8,0.6,1.4,5.3
504,Obi Toppin,PF,25,IND,82,28,21.1,4,7.1,0.573,1.2,3.1,0.403,2.8,4,0.706,0.661,0.9,1.2,0.77,1,2.9,3.9,1.6,0.6,0.5,0.8,1.7,10.3
506,Karl-Anthony Towns,PF,28,MIN,62,62,32.7,7.7,15.3,0.504,2.2,5.3,0.416,5.5,10.1,0.55,0.575,4.1,4.7,0.873,1.5,6.8,8.3,3,0.7,0.7,2.9,3.3,21.8
509,P.J. Tucker,PF,38,TOT,31,10,15.7,0.6,1.6,0.36,0.4,1.1,0.371,0.2,0.5,0.333,0.49,0.1,0.1,1,0.9,1.8,2.7,0.5,0.5,0.2,0.3,1.7,1.7
510,Myles Turner,C,27,IND,77,77,27,6.2,11.8,0.524,1.5,4.2,0.358,4.7,7.6,0.615,0.587,3.2,4.1,0.773,1.5,5.5,6.9,1.3,0.5,1.9,1.4,3,17.1
511,Hunter Tyson,PF,23,DEN,18,0,2.7,0.4,1.1,0.4,0.2,0.8,0.286,0.2,0.3,0.667,0.5,0,0,0,0.1,0.4,0.5,0.1,0.1,0,0.1,0.6,1.1
513,Jonas Valan?i?nas,C,31,NOP,82,82,23.5,4.9,8.8,0.559,0.5,1.5,0.308,4.5,7.3,0.609,0.585,2,2.5,0.785,2.3,6.5,8.8,2.1,0.4,0.8,1.4,2.7,12.2
518,Gabe Vincent,PG,27,LAL,11,0,19.8,1.4,4.5,0.306,0.3,2.5,0.107,1.1,1.9,0.571,0.337,0.1,0.2,0.5,0.4,0.5,0.8,1.9,0.8,0,0.5,1.7,3.1
521,Dean Wade,PF,27,CLE,54,32,20.5,1.8,4.3,0.414,1.5,3.7,0.391,0.3,0.6,0.567,0.584,0.4,0.5,0.769,0.7,3.4,4,0.8,0.7,0.5,0.4,1.7,5.4
522,Franz Wagner,SF,22,ORL,72,72,32.5,7.3,15.2,0.482,1.3,4.6,0.281,6,10.6,0.57,0.525,3.8,4.4,0.85,1,4.3,5.3,3.7,1.1,0.4,1.9,2.3,19.7
523,Moritz Wagner,C,26,ORL,80,1,17.7,4.2,6.9,0.601,0.5,1.4,0.33,3.7,5.5,0.673,0.636,2.1,2.6,0.814,1.5,2.9,4.3,1.2,0.5,0.3,1.2,2,10.9
526,Jarace Walker,PF,20,IND,33,0,10.3,1.4,3.3,0.409,0.7,1.7,0.4,0.7,1.7,0.418,0.509,0.2,0.3,0.889,0.4,1.5,1.9,1.2,0.5,0.3,0.5,0.9,3.6
528,Cason Wallace,SG,20,OKC,82,13,20.6,2.6,5.4,0.491,1.2,2.9,0.419,1.5,2.5,0.572,0.602,0.4,0.5,0.784,0.6,1.6,2.3,1.5,0.9,0.5,0.5,1.6,6.8
529,Jordan Walsh,SF,19,BOS,9,1,9.2,0.7,1.7,0.4,0.2,1,0.222,0.4,0.7,0.667,0.467,0.1,0.2,0.5,0.6,1.7,2.2,0.6,0.6,0.1,0.3,1.2,1.7
530,T.J. Warren,SF,30,MIN,11,0,11.4,1.6,3.7,0.439,0.2,1.2,0.154,1.5,2.5,0.571,0.463,0.3,0.4,0.75,0.5,1.5,2,0.8,0.4,0.1,0.4,1,3.7
531,P.J. Washington,PF,25,TOT,73,45,30.4,4.8,11.1,0.436,1.8,5.7,0.32,3,5.5,0.558,0.518,1.4,2,0.683,1.2,4.5,5.6,1.9,1,0.8,1.3,2.3,12.9
534,Lindy Waters III,SG,26,OKC,38,0,7.4,1.3,2.7,0.471,1,2.2,0.435,0.3,0.5,0.632,0.649,0.1,0.1,1,0.2,0.9,1.1,0.6,0.1,0.2,0.2,0.6,3.6
536,Peyton Watson,SF,21,DEN,80,4,18.6,2.6,5.6,0.465,0.6,1.9,0.296,2,3.7,0.553,0.516,0.9,1.3,0.67,0.7,2.5,3.2,1.1,0.5,1.1,0.7,1.8,6.7
539,Russell Westbrook,PG,35,LAC,68,11,22.5,4.4,9.8,0.454,0.6,2.3,0.273,3.8,7.5,0.509,0.486,1.6,2.4,0.688,1.4,3.7,5,4.5,1.1,0.3,2.1,1.8,11.1
541,Derrick White,SG,29,BOS,73,73,32.6,5.3,11.5,0.461,2.7,6.8,0.396,2.6,4.7,0.555,0.578,1.9,2.1,0.901,0.7,3.5,4.2,5.2,1,1.2,1.5,2.1,15.2
544,Aaron Wiggins,SG,25,OKC,78,4,15.7,2.7,4.8,0.562,0.8,1.6,0.492,1.9,3.2,0.598,0.645,0.7,0.9,0.789,0.8,1.6,2.4,1.1,0.7,0.2,0.7,1.2,6.9
550,Jalen Williams,PF,22,OKC,71,71,31.3,7.5,14,0.54,1.5,3.4,0.427,6.1,10.6,0.576,0.592,2.5,3.1,0.814,0.5,3.5,4,4.5,1.1,0.6,1.7,2.5,19.1
551,Jaylin Williams,C,21,OKC,69,1,13,1.4,3.3,0.417,0.8,2.1,0.368,0.6,1.2,0.5,0.533,0.5,0.6,0.805,0.5,2.9,3.4,1.6,0.4,0.4,0.5,1.4,4
553,Kenrich Williams,PF,29,OKC,69,1,14.9,1.9,4.1,0.468,0.8,2,0.397,1.1,2,0.54,0.568,0.1,0.2,0.5,0.9,2.1,3,1.3,0.6,0.1,0.5,1.5,4.7
567,Delon Wright,PG,31,TOT,47,1,15.8,1.6,4,0.394,0.5,1.4,0.368,1,2.6,0.408,0.46,0.8,1,0.822,0.4,1.4,1.8,2.5,1.1,0.2,0.3,0.7,4.5
568,Thaddeus Young,PF,35,TOT,33,6,13.3,2,3.3,0.602,0,0.2,0.143,1.9,3.1,0.634,0.606,0.2,0.5,0.4,1.4,1.7,3.1,1.7,0.7,0.2,0.5,1.5,4.2
572,Ivica Zubac,C,26,LAC,68,68,26.4,5,7.6,0.649,0,0,0,5,7.6,0.649,0.649,1.8,2.4,0.723,2.9,6.3,9.2,1.4,0.3,1.2,1.2,2.6,11.7
